{
  "best_epoch": 0,
  "peak_worker_0_memory_MB": 3205.75,
  "peak_gpu_0_memory_MB": 0,
  "training_duration": "0:46:24.217080",
  "epoch": 0,
  "training_loss": 0.2675027690969313,
  "training_worker_0_memory_MB": 3205.75,
  "training_gpu_0_memory_MB": 0.0,
  "validation_loss": 0.2710074096356925,
  "best_validation_loss": 0.2710074096356925
}